Sample ID,vegetation type,Site,Mangroves,Crucible Number / Label,Weight Crucible (g),Weight filled crucible (g) before 500°C,Weight of sediment (weight filled crucible - weight of crucible) ,Weight (g) filled crucible after 500°C,Weight of sediment (weight filled crucible after 500°C - weight of crucible),Mass lost,Height of sample / cylinder sample (cm),Volume (cm^3),Weight post oven #1 (g),Bulk Density (g/cm^3),%LOI (% Lost on Ignition),%OC,Soil Carbon Density (SCD g/cm^3),Amount of carbon per sample (g/cm^3),Carbon in common units (Mg C/hectare),Cumulative / 30cm depth,Distance to Nearest Mangrove (m),Distance to Nearest Seagrass (m),Constants,
U.1.2,Unveg,Adams,None,40,14.85,38.26,23.41,38.15,23.3,0.11,2,39.26990817,59.146,1.506140522,0.4698846647,0.2443400256,0.003680104138,0.007360208276,0.7360208276,,279.35,9.93,Cylinder Radius (cm),2.5
U.1.4,Unveg,Adams,None,19,14.08,39.6,25.52,39.5,25.42,0.1,2,39.26990817,63.936,1.628116871,0.3918495298,0.2037617555,0.003317479517,0.006634959034,0.6634959034,,279.35,9.93,,
U.1.6,Unveg,Adams,None,C25,13.27,37.73,24.46,37.61,24.34,0.12,2,39.26990817,69.576,1.771738291,0.4905968929,0.2551103843,0.004519888364,0.009039776727,0.9039776727,,279.35,9.93,,
U.1.8,Unveg,Adams,None,138,13.66,49.43,35.77,49.31,35.65,0.12,2,39.26990817,71.006,1.808152942,0.3354766564,0.1744478613,0.003154284137,0.006308568275,0.6308568275,,279.35,9.93,,
U.1.10,Unveg,Adams,None,23,15.35,47.76,32.41,47.67,32.32,0.09,2,39.26990817,71.906,1.831071254,0.2776920703,0.1443998766,0.002644064631,0.005288129262,0.5288129262,,279.35,9.93,,
U.1.20,Unveg,Adams,None,C29,14.85,40.74,25.89,40.63,25.78,0.11,10,196.3495408,354.446,1.805178655,0.4248744689,0.2209347238,0.003988266475,0.03988266475,3.988266475,,279.35,9.93,,
U.1.30,Unveg,Adams,None,3,13.35,48.01,34.66,47.79,34.44,0.22,10,196.3495408,390.676,1.98969653,0.6347374495,0.3300634737,0.006567261482,0.06567261482,6.567261482,14.01869212,279.35,9.93,,
U.1.35,Unveg,Adams,None,5,13.67,40.88,27.21,40.75,27.08,0.13,5,98.17477042,186.536,1.900040094,0.4777655274,0.2484380742,0.004720423019,0.02360211509,2.360211509,,279.35,9.93,,
U.2.2,Unveg,Adams,None,35,15.66,44.48,28.82,44.41,28.75,0.07,2,39.26990817,60.446,1.53924475,0.2428868841,0.1263011797,0.001944084279,0.003888168558,0.3888168558,,282.12,8.18,,
U.2.4,Unveg,Adams,None,APO,14.45,42.08,27.63,41.96,27.51,0.12,2,39.26990817,70.276,1.789563645,0.434310532,0.2258414767,0.004041576961,0.008083153923,0.8083153923,,282.12,8.18,,
U.2.6,Unveg,Adams,None,18,16.18,42.03,25.85,41.92,25.74,0.11,2,39.26990817,73.326,1.867231257,0.4255319149,0.2212765957,0.00413174576,0.008263491521,0.8263491521,,282.12,8.18,,
U.2.8,Unveg,Adams,None,88,15.62,47.99,32.37,47.82,32.2,0.17,2,39.26990817,57.876,1.473800238,0.5251776336,0.2730923695,0.004024835991,0.008049671982,0.8049671982,,282.12,8.18,,
U.2.10,Unveg,Adams,None,A9,15.64,45.96,30.32,45.79,30.15,0.17,2,39.26990817,67.296,1.713678568,0.5606860158,0.2915567282,0.004996345165,0.009992690331,0.9992690331,,282.12,8.18,,
U.2.20,Unveg,Adams,None,11,16.47,40.15,23.68,40.01,23.54,0.14,10,196.3495408,332.296,1.692369631,0.5912162162,0.3074324324,0.005202893122,0.05202893122,5.202893122,,282.12,8.18,,
U.2.30,Unveg,Adams,None,15,16.45,49.97,33.52,49.66,33.21,0.31,10,196.3495408,327.836,1.669655038,0.9248210024,0.4809069212,0.008029486636,0.08029486636,8.029486636,17.06009739,282.12,8.18,,
U.2.40,Unveg,Adams,None,C25,13.25,38.68,25.43,38.28,25.03,0.4,10,196.3495408,396.626,2.019999631,1.57294534,0.8179315769,0.01652221483,0.1652221483,16.52221483,,282.12,8.18,,
U.3.2,Unveg,Adams,None,M4,13.33,49.08,35.75,48.96,35.63,0.12,2,39.26990817,72.336,1.842021114,0.3356643357,0.1745454545,0.003215164127,0.006430328253,0.6430328253,,281.53,4.25,,
U.3.4,Unveg,Adams,None,52,15.18,43.3,28.12,43.19,28.01,0.11,2,39.26990817,84.296,2.146580013,0.3911806543,0.2034139403,0.004366442986,0.008732885971,0.8732885971,,281.53,4.25,,
U.3.6,Unveg,Adams,None,27,14.91,48.09,33.18,47.95,33.04,0.14,2,39.26990817,61.916,1.576677993,0.4219409283,0.2194092827,0.003459377875,0.00691875575,0.691875575,,281.53,4.25,,
U.3.8,Unveg,Adams,None,55,16.36,43.15,26.79,43.05,26.69,0.1,2,39.26990817,56.006,1.426181079,0.3732736096,0.194102277,0.002768249948,0.005536499895,0.5536499895,,281.53,4.25,,
U.3.10,Unveg,Adams,None,33,15.04,47.85,32.81,47.71,32.67,0.14,2,39.26990817,75.416,1.92045267,0.4266991771,0.2218835721,0.004261168985,0.008522337969,0.8522337969,,281.53,4.25,,
U.3.20,Unveg,Adams,None,54,15.33,37.14,21.81,36.97,21.64,0.17,10,196.3495408,344.066,1.752313749,0.7794589638,0.4053186612,0.007102454626,0.07102454626,7.102454626,,281.53,4.25,,
U.3.30,Unveg,Adams,None,A2,13.56,40.99,27.43,40.79,27.23,0.2,10,196.3495408,332.436,1.693082645,0.7291286912,0.3791469194,0.006419270693,0.06419270693,6.419270693,17.1358061,281.53,4.25,,
U.3.35,Unveg,Adams,None,40,14.84,40.34,25.5,39.84,25,0.5,5,98.17477042,209.416,2.13309386,1.960784314,1.019607843,0.0217491923,0.1087459615,10.87459615,,281.53,4.25,,
S.1.2,Seagrass,Adams,None,K1,15.83,40.41,24.58,39.81,23.98,0.6,2,39.26990817,41.406,1.054395132,2.44100895,1.269324654,0.01338369736,0.02676739472,2.676739472,,320.33,0,,
S.1.4,Seagrass,Adams,None,34,16.61,41.99,25.38,41.34,24.73,0.65,2,39.26990817,60.426,1.538735455,2.56107171,1.331757289,0.02049222158,0.04098444316,4.098444316,,320.33,0,,
S.1.6,Seagrass,Adams,None,2,16.3,41.05,24.75,40.69,24.39,0.36,2,39.26990817,65.436,1.666314057,1.454545455,0.7563636364,0.01260339359,0.02520678719,2.520678719,,320.33,0,,
S.1.8,Seagrass,Adams,None,R3,17.27,42.94,25.67,42.6,25.33,0.34,2,39.26990817,56.046,1.42719967,1.324503311,0.6887417219,0.009829719585,0.01965943917,1.965943917,,320.33,0,,
S.1.10,Seagrass,Adams,None,36,17.2,47.92,30.72,47.68,30.48,0.24,2,39.26990817,68.936,1.755440825,0.78125,0.40625,0.007131478352,0.0142629567,1.42629567,,320.33,0,,
S.1.20,Seagrass,Adams,None,20,13.66,41.72,28.06,41.53,27.87,0.19,10,196.3495408,303.356,1.544979421,0.6771204562,0.3521026372,0.005439913287,0.05439913287,5.439913287,,320.33,0,,
S.1.30,Seagrass,Adams,None,15,16.06,46.43,30.37,46.23,30.17,0.2,10,196.3495408,372.816,1.898736296,0.6585446164,0.3424432005,0.006502093343,0.06502093343,6.502093343,24.63010872,320.33,0,,
S.2.2,Seagrass,Adams,None,9,16.97,43.19,26.22,42.52,25.55,0.67,2,39.26990817,44.816,1.141230069,2.555301297,1.328756674,0.01516417071,0.03032834141,3.032834141,,326.97,0,,
S.2.4,Seagrass,Adams,None,17,15.69,34.27,18.58,33.51,17.82,0.76,2,39.26990817,44.516,1.133590631,4.090419806,2.127018299,0.02411168017,0.04822336034,4.822336034,,326.97,0,,
S.2.6,Seagrass,Adams,None,58,12.09,40.05,27.96,39.15,27.06,0.9,2,39.26990817,45.916,1.169241339,3.21888412,1.673819742,0.01957099236,0.03914198473,3.914198473,,326.97,0,,
S.2.8,Seagrass,Adams,None,28,15,44.65,29.65,44.11,29.11,0.54,2,39.26990817,55.946,1.424653191,1.821247892,0.9470489039,0.01349216243,0.02698432487,2.698432487,,326.97,0,,
S.2.10,Seagrass,Adams,None,46,16.14,49.73,33.59,49.31,33.17,0.42,2,39.26990817,62.926,1.602397432,1.250372135,0.65019351,0.01041868411,0.02083736821,2.083736821,,326.97,0,,
S.2.20,Seagrass,Adams,None,3,16.72,43.13,26.41,42.96,26.24,0.17,10,196.3495408,319.306,1.626212104,0.6436955699,0.3347216963,0.005443284741,0.05443284741,5.443284741,,326.97,0,,
S.2.30,Seagrass,Adams,None,10,16.95,44.57,27.62,44.31,27.36,0.26,10,196.3495408,340.376,1.733520733,0.9413468501,0.4895003621,0.008485590265,0.08485590265,8.485590265,30.48041296,326.97,0,,
S.2.40,Seagrass,Adams,None,41,15.95,52.99,37.04,52.52,36.57,0.47,10,196.3495408,400.116,2.037774055,1.268898488,0.6598272138,0.01344578777,0.1344578777,13.44578777,,326.97,0,,
S.2.50,Seagrass,Adams,None,108,15.64,49.96,34.32,49.76,34.12,0.2,10,196.3495408,367.866,1.873526153,0.5827505828,0.303030303,0.00567735198,0.0567735198,5.67735198,,326.97,0,,
S.3.2,Seagrass,Adams,None,136,15.52,42.5,26.98,41.72,26.2,0.78,2,39.26990817,42.396,1.079605275,2.891030393,1.503335804,0.01623009264,0.03246018528,3.246018528,,329.95,0,,
S.3.4,Seagrass,Adams,None,Q2,12.48,42.48,30,41.75,29.27,0.73,2,39.26990817,64.736,1.648488703,2.433333333,1.265333333,0.02085887706,0.04171775412,4.171775412,,329.95,0,,
S.3.6,Seagrass,Adams,None,37,16.62,42.24,25.62,41.82,25.2,0.42,2,39.26990817,71.876,1.83030731,1.639344262,0.8524590164,0.01560261969,0.03120523939,3.120523939,,329.95,0,,
S.3.8,Seagrass,Adams,None,22,13.29,45.02,31.73,44.48,31.19,0.54,2,39.26990817,63.816,1.625061096,1.701859439,0.8849669083,0.01438125294,0.02876250587,2.876250587,,329.95,0,,
S.3.10,Seagrass,Adams,None,41,15.94,40.44,24.5,39.87,23.93,0.57,2,39.26990817,58.356,1.486023337,2.326530612,1.209795918,0.01797784968,0.03595569936,3.595569936,,329.95,0,,
S.3.20,Seagrass,Adams,None,48,16.19,44.36,28.17,43.85,27.66,0.51,10,196.3495408,278.516,1.41847034,1.810436635,0.9414270501,0.01335386348,0.1335386348,13.35386348,,329.95,0,,
S.3.30,Seagrass,Adams,None,29,16.59,40.66,24.07,40.21,23.62,0.45,10,196.3495408,302.296,1.539580886,1.869547154,0.9721645201,0.01496725913,0.1496725913,14.96725913,45.33126101,329.95,0,,
S.3.40,Seagrass,Adams,None,49,14.36,36.12,21.76,35.84,21.48,0.28,10,196.3495408,389.226,1.98231174,1.286764706,0.6691176471,0.01326399767,0.1326399767,13.26399767,,329.95,0,,
S.3.50,Seagrass,Adams,None,16,15.54,42.53,26.99,42.25,26.71,0.28,10,196.3495408,433.646,2.208540942,1.037421267,0.5394590589,0.01191417418,0.1191417418,11.91417418,,329.95,0,,
M.1.2,Mangrove,One Mile,Overlapping,6,15.48,43.95,28.47,43.36,27.88,0.59,2,39.26990817,89.196,2.271357489,2.072356867,1.077625571,0.0244767291,0.0489534582,4.89534582,,0,400.36,,
M.1.4,Mangrove,One Mile,Overlapping,38,16.07,45.54,29.47,44.82,28.75,0.72,2,39.26990817,73.536,1.872578863,2.443162538,1.27044452,0.02379007555,0.0475801511,4.75801511,,0,400.36,,
M.1.6,Mangrove,One Mile,Overlapping,K2,14.81,40.12,25.31,39.5,24.69,0.62,2,39.26990817,70.796,1.802805336,2.449624654,1.27380482,0.02296422127,0.04592844254,4.592844254,,0,400.36,,
M.1.8,Mangrove,One Mile,Overlapping,108,15.64,42.81,27.17,42.26,26.62,0.55,2,39.26990817,78.706,2.004231832,2.024291498,1.052631579,0.02109717718,0.04219435436,4.219435436,,0,400.36,,
M.1.10,Mangrove,One Mile,Overlapping,6,14.52,48.28,33.76,47.7,33.18,0.58,2,39.26990817,62.556,1.592975459,1.718009479,0.8933649289,0.01423108408,0.02846216816,2.846216816,,0,400.36,,
M.1.20 ,Mangrove,One Mile,Overlapping,16,16.35,42.18,25.83,41.77,25.42,0.41,10,196.3495408,369.436,1.881522098,1.587301587,0.8253968254,0.01553002366,0.1553002366,15.53002366,,0,400.36,,
M.1.30 ,Mangrove,One Mile,Overlapping,25,15.01,42.47,27.46,41.5,26.49,0.97,10,196.3495408,343.926,1.751600735,3.532410779,1.836853605,0.03217434124,0.3217434124,32.17434124,69.01622234,0,400.36,,
M.2.2,Mangrove,One Mile,Overlapping,C18,15.2,48.01,32.81,47.48,32.28,0.53,2,39.26990817,62.656,1.595521938,1.61536117,0.8399878086,0.01340218977,0.02680437953,2.680437953,,0,428.69,,
M.2.4,Mangrove,One Mile,Overlapping,49,14.41,47.97,33.56,47.22,32.81,0.75,2,39.26990817,71.956,1.832344494,2.234803337,1.162097735,0.02129363387,0.04258726773,4.258726773,,0,428.69,,
M.2.6,Mangrove,One Mile,Overlapping,18,13.96,54.07,40.11,53.05,39.09,1.02,2,39.26990817,69.946,1.781160264,2.543006731,1.3223635,0.02355341321,0.04710682643,4.710682643,,0,428.69,,
M.2.8,Mangrove,One Mile,Overlapping,2C.3,14.04,45.37,31.33,43.98,29.94,1.39,2,39.26990817,105.336,2.682359214,4.436642196,2.307053942,0.06188347398,0.123766948,12.3766948,,0,428.69,,
M.2.10,Mangrove,One Mile,Overlapping,14,15.77,45.27,29.5,44.74,28.97,0.53,2,39.26990817,48.416,1.232903316,1.796610169,0.9342372881,0.0115182425,0.02303648501,2.303648501,,0,428.69,,
M.2.20 ,Mangrove,One Mile,Overlapping,30,14.98,42.33,27.35,41.52,26.54,0.81,10,196.3495408,323.406,1.647093233,2.961608775,1.540036563,0.02536583801,0.2536583801,25.36583801,,0,428.69,,
M.2.30 ,Mangrove,One Mile,Overlapping,21,14.98,38.72,23.74,37.41,22.43,1.31,10,196.3495408,347.216,1.768356567,5.51811289,2.869418703,0.05074155406,0.5074155406,50.74155406,102.4375827,0,428.69,,
M.3.2,Mangrove,One Mile,Overlapping,5,13.71,40.21,26.5,39.65,25.94,0.56,2,39.26990817,62.996,1.604179967,2.113207547,1.098867925,0.01762781911,0.03525563822,3.525563822,,0,412.92,,
M.3.4,Mangrove,One Mile,Overlapping,C16,15.4,38.85,23.45,38.17,22.77,0.68,2,39.26990817,75.966,1.934458305,2.89978678,1.507889126,0.02916948643,0.05833897285,5.833897285,,0,412.92,,
M.3.6,Mangrove,One Mile,Overlapping,46,16.16,47.06,30.9,46.05,29.89,1.01,2,39.26990817,73.416,1.869523088,3.268608414,1.699676375,0.03177584227,0.06355168453,6.355168453,,0,412.92,,
M.3.8,Mangrove,One Mile,Overlapping,12,16.1,42.07,25.97,41.29,25.19,0.78,2,39.26990817,70.376,1.792110124,3.003465537,1.561802079,0.02798921318,0.05597842636,5.597842636,,0,412.92,,
M.3.10,Mangrove,One Mile,Overlapping,19,14.55,44.88,30.33,44.24,29.69,0.64,2,39.26990817,70.166,1.786762518,2.110121991,1.097263436,0.01960549179,0.03921098358,3.921098358,,0,412.92,,
M.3.20,Mangrove,One Mile,Overlapping,37,15.54,45.73,30.19,44.52,28.98,1.21,10,196.3495408,322.606,1.643018866,4.007949652,2.084133819,0.03424271185,0.3424271185,34.24271185,,0,412.92,,
M.3.30 ,Mangrove,One Mile,Overlapping,34,16.61,52.73,36.12,52.17,35.56,0.56,10,196.3495408,491.966,2.505562263,1.550387597,0.8062015504,0.02019988181,0.2019988181,20.19988181,79.67616422,0,412.92,,
M.3.40,Mangrove,One Mile,Overlapping,13,14.84,33.87,19.03,32.99,18.15,0.88,10,196.3495408,313.966,1.599015708,4.624277457,2.404624277,0.03845031991,0.3845031991,38.45031991,,0,412.92,,
UM.1.2,Unveg,One Mile,Overlapping,2,14.66,50.17,35.51,49.98,35.32,0.19,2,39.26990817,57.826,1.472526998,0.5350605463,0.2782314841,0.004097033721,0.008194067442,0.8194067442,,43.71,33.96,,
UM.1.4,Unveg,One Mile,Overlapping,20,15.06,47.62,32.56,47.48,32.42,0.14,2,39.26990817,90.026,2.292493265,0.42997543,0.2235872236,0.005125722042,0.01025144408,1.025144408,,43.71,33.96,,
UM.1.6,Unveg,One Mile,Overlapping,12,15.03,51.8,36.77,51.64,36.61,0.16,2,39.26990817,86.166,2.194199172,0.4351373402,0.2262714169,0.004964845557,0.009929691114,0.9929691114,,43.71,33.96,,
UM.1.8,Unveg,One Mile,Overlapping,4,14.51,45.75,31.24,45.59,31.08,0.16,2,39.26990817,77.006,1.960941688,0.5121638924,0.2663252241,0.005222482344,0.01044496469,1.044496469,,43.71,33.96,,
UM.1.10,Unveg,One Mile,Overlapping,13,14.85,49.54,34.69,49.37,34.52,0.17,2,39.26990817,81.896,2.085464515,0.4900547708,0.2548284808,0.005314357542,0.01062871508,1.062871508,,43.71,33.96,,
UM.1.20,Unveg,One Mile,Overlapping,R5,13.85,44.52,30.67,44.33,30.48,0.19,10,196.3495408,400.446,2.039454731,0.6194978807,0.3221388979,0.006569876994,0.06569876994,6.569876994,,43.71,33.96,,
UM.1.30,Unveg,One Mile,Overlapping,17,15.71,41.94,26.23,41.81,26.1,0.13,10,196.3495408,438.406,2.232783423,0.4956157072,0.2577201677,0.005754333184,0.05754333184,5.754333184,17.26909842,43.71,33.96,,
UM.2.2,Unveg,One Mile,Overlapping,7,11.88,38.65,26.77,38.51,26.63,0.14,2,39.26990817,80.046,2.038354652,0.5229734778,0.2719462084,0.005543228191,0.01108645638,1.108645638,,57.5,51.02,,
UM.2.4,Unveg,One Mile,Overlapping,9,16.03,42.04,26.01,41.91,25.88,0.13,2,39.26990817,57.666,1.468452632,0.4998077662,0.2599000384,0.003816508954,0.007633017909,0.7633017909,,57.5,51.02,,
UM.2.6,Unveg,One Mile,Overlapping,N10,17.29,39.36,22.07,39.22,21.93,0.14,2,39.26990817,88.526,2.254296079,0.6343452651,0.3298595378,0.007436010627,0.01487202125,1.487202125,,57.5,51.02,,
UM.2.8,Unveg,One Mile,Overlapping,8,15.48,42.06,26.58,41.92,26.44,0.14,2,39.26990817,97.966,2.494683705,0.5267118134,0.273890143,0.006832692766,0.01366538553,1.366538553,,57.5,51.02,,
UM.2.10,Unveg,One Mile,Overlapping,11,17.58,45.88,28.3,45.57,27.99,0.31,2,39.26990817,67.906,1.72921209,1.09540636,0.5696113074,0.009849787597,0.01969957519,1.969957519,,57.5,51.02,,
UM.2.20,Unveg,One Mile,Overlapping,17,16.97,41.04,24.07,40.92,23.95,0.12,10,196.3495408,413.856,2.1077513,0.4985459078,0.259243872,0.005464216083,0.05464216083,5.464216083,,57.5,51.02,,
UM.2.30 ,Unveg,One Mile,Overlapping,48,17.06,57.38,40.32,57.17,40.11,0.21,10,196.3495408,389.616,1.984297994,0.5208333333,0.2708333333,0.0053741404,0.053741404,5.3741404,17.53400211,57.5,51.02,,
UM.3.2,Unveg,One Mile,Overlapping,50,14.7,42.4,27.7,42.26,27.56,0.14,2,39.26990817,78.536,1.999902818,0.5054151625,0.2628158845,0.005256062279,0.01051212456,1.051212456,,67.56,58.68,,
UM.3.4,Unveg,One Mile,Overlapping,1,16.36,40.9,24.54,40.77,24.41,0.13,2,39.26990817,82.046,2.089284234,0.5297473513,0.2754686227,0.005755322502,0.011510645,1.1510645,,67.56,58.68,,
UM.3.6,Unveg,One Mile,Overlapping,26,14.64,41.37,26.73,41.23,26.59,0.14,2,39.26990817,94.056,2.395116372,0.5237560793,0.2723531612,0.006523175156,0.01304635031,1.304635031,,67.56,58.68,,
UM.3.8,Unveg,One Mile,Overlapping,44,16.67,47.67,31,47.52,30.85,0.15,2,39.26990817,85.446,2.175864523,0.4838709677,0.2516129032,0.005474755896,0.01094951179,1.094951179,,67.56,58.68,,
UM.3.10,Unveg,One Mile,Overlapping,81,16.17,55.98,39.81,55.76,39.59,0.22,2,39.26990817,88.646,2.257351854,0.5526249686,0.2873649837,0.006486838786,0.01297367757,1.297367757,,67.56,58.68,,
UM.3.20 ,Unveg,One Mile,Overlapping,40,14.85,40.14,25.29,39.96,25.11,0.18,10,196.3495408,402.606,2.050455521,0.7117437722,0.3701067616,0.007588874525,0.07588874525,7.588874525,,67.56,58.68,,
UM.3.30 ,Unveg,One Mile,Overlapping,13,15.14,45.04,29.9,44.87,29.73,0.17,10,196.3495408,402.176,2.048265549,0.5685618729,0.2956521739,0.006055741622,0.06055741622,6.055741622,19.54384707,67.56,58.68,,
UM.3.37,Unveg,One Mile,Overlapping,42,14.82,51.94,37.12,51.73,36.91,0.21,7,137.4446786,310.846,2.261608112,0.5657327586,0.2941810345,0.006653222139,0.04657255497,4.657255497,,67.56,58.68,,
SU.1.2,Seagrass,Myora,Nearby,18,16.15,42.32,26.17,41.91,25.76,0.41,2,39.26990817,60.866,1.549939963,1.566679404,0.81467329,0.01262694689,0.02525389377,2.525389377,,131.84,0,,
SU.1.4,Seagrass,Myora,Nearby,1,16.33,42.08,25.75,41.63,25.3,0.45,2,39.26990817,72.586,1.848387312,1.747572816,0.9087378641,0.01679699538,0.03359399076,3.359399076,,131.84,0,,
SU.1.6,Seagrass,Myora,Nearby,6,14.51,42.83,28.32,42.42,27.91,0.41,2,39.26990817,73.456,1.87054168,1.447740113,0.7528248588,0.01408190276,0.02816380552,2.816380552,,131.84,0,,
SU.1.8,Seagrass,Myora,Nearby,18,13.96,49.07,35.11,48.56,34.6,0.51,2,39.26990817,76.016,1.935731545,1.452577613,0.7553403589,0.0146213616,0.02924272319,2.924272319,,131.84,0,,
SU.1.10,Seagrass,Myora,Nearby,17,15.69,53.74,38.05,53.29,37.6,0.45,2,39.26990817,72.356,1.84253041,1.182654402,0.6149802891,0.01133119884,0.02266239768,2.266239768,,131.84,0,,
SU.1.20,Seagrass,Myora,Nearby,12,15.02,44.2,29.18,43.89,28.87,0.31,10,196.3495408,380.786,1.939327173,1.062371487,0.5524331734,0.01071348665,0.1071348665,10.71348665,,131.84,0,,
SU.1.30,Seagrass,Myora,Nearby,10,17.29,41.67,24.38,41.33,24.04,0.34,10,196.3495408,401.126,2.042917942,1.394585726,0.7251845775,0.01481492585,0.1481492585,14.81492585,39.42009359,131.84,0,,
SU.1.40,Seagrass,Myora,Nearby,10,17.27,55.93,38.66,55.51,38.24,0.42,10,196.3495408,371.406,1.891555225,1.086394206,0.5649249871,0.01068586811,0.1068586811,10.68586811,,131.84,0,,
SU.1.50,Seagrass,Myora,Nearby,19,14.51,48.23,33.72,47.99,33.48,0.24,10,196.3495408,399.316,2.033699688,0.7117437722,0.3701067616,0.007526860056,0.07526860056,7.526860056,,131.84,0,,
SU.1.60,Seagrass,Myora,Nearby,14,15.75,35.24,19.49,35.12,19.37,0.12,10,196.3495408,392.136,1.997132248,0.6157003592,0.3201641868,0.006394102222,0.06394102222,6.394102222,,131.84,0,,
SU.1.71,Seagrass,Myora,Nearby,9,16.01,40.92,24.91,40.64,24.63,0.28,11,215.9844949,478.716,2.21643688,1.124046568,0.5845042152,0.01295516699,0.1425068369,14.25068369,,131.84,0,,
SU.2.2,Seagrass,Myora,Nearby,49,14.39,42.67,28.28,42.25,27.86,0.42,2,39.26990817,66.136,1.684139411,1.485148515,0.7722772277,0.01300622515,0.0260124503,2.60124503,,147.74,0,,
SU.2.4,Seagrass,Myora,Nearby,6,15.45,42.24,26.79,41.86,26.41,0.38,2,39.26990817,85.216,2.170007621,1.418439716,0.7375886525,0.01600572997,0.03201145994,3.201145994,,147.74,0,,
SU.2.6,Seagrass,Myora,Nearby,14,15.75,46.84,31.09,46.33,30.58,0.51,2,39.26990817,82.676,2.105327052,1.640398842,0.8530073979,0.0179585955,0.03591719101,3.591719101,,147.74,0,,
SU.2.8,Seagrass,Myora,Nearby,2,14.65,47.95,33.3,47.52,32.87,0.43,2,39.26990817,86.126,2.193180581,1.291291291,0.6714714715,0.01472658192,0.02945316383,2.945316383,,147.74,0,,
SU.2.10,Seagrass,Myora,Nearby,9,16.03,51.04,35.01,50.56,34.53,0.48,2,39.26990817,82.596,2.103289869,1.371036847,0.7129391602,0.01499517713,0.02999035426,2.999035426,,147.74,0,,
SU.2.20,Seagrass,Myora,Nearby,23,15.36,42.37,27.01,42.02,26.66,0.35,10,196.3495408,392.746,2.000238953,1.295816364,0.6738245094,0.01347810031,0.1347810031,13.47810031,,147.74,0,,
SU.2.30,Seagrass,Myora,Nearby,C29,14.85,42.63,27.78,42.28,27.43,0.35,10,196.3495408,403.136,2.053154788,1.259899208,0.6551475882,0.01345119408,0.1345119408,13.45119408,42.26775632,147.74,0,,
SU.2.40,Seagrass,Myora,Nearby,6,14.49,53.07,38.58,52.38,37.89,0.69,10,196.3495408,415.266,2.114932371,1.788491446,0.9300155521,0.01966919997,0.1966919997,19.66919997,,147.74,0,,
SU.2.50,Seagrass,Myora,Nearby,R5,13.83,47.4,33.57,47.01,33.18,0.39,10,196.3495408,398.826,2.031204139,1.161751564,0.6041108132,0.01227072384,0.1227072384,12.27072384,,147.74,0,,
SU.2.56,Seagrass,Myora,Nearby,13,15.13,37.45,22.32,37.24,22.11,0.21,6,117.8097245,242.246,2.056247912,0.9408602151,0.4892473118,0.01006013763,0.06036082579,6.036082579,,147.74,0,,
SU.3.2,Seagrass,Myora,Nearby,48,17.04,41.25,24.21,40.81,23.77,0.44,2,39.26990817,90.866,2.313883689,1.817430814,0.9450640231,0.02186768229,0.04373536457,4.373536457,,138.18,0,,
SU.3.4,Seagrass,Myora,Nearby,5,13.69,48.04,34.35,47.49,33.8,0.55,2,39.26990817,74.176,1.888876329,1.601164483,0.8326055313,0.0157268888,0.0314537776,3.14537776,,138.18,0,,
SU.3.6,Seagrass,Myora,Nearby,41,15.95,40.21,24.26,39.82,23.87,0.39,2,39.26990817,75.696,1.927582812,1.607584501,0.8359439406,0.01611351171,0.03222702343,3.222702343,,138.18,0,,
SU.3.8,Seagrass,Myora,Nearby,7,11.91,41.65,29.74,41.22,29.31,0.43,2,39.26990817,69.016,1.757478008,1.445864156,0.7518493611,0.01321358718,0.02642717436,2.642717436,,138.18,0,,
SU.3.10,Seagrass,Myora,Nearby,57,13.33,43.17,29.84,42.75,29.42,0.42,2,39.26990817,84.076,2.140977759,1.407506702,0.7319034853,0.01566989084,0.03133978168,3.133978168,,138.18,0,,
SU.3.20,Seagrass,Myora,Nearby,22,13.28,41.53,28.25,41.2,27.92,0.33,10,196.3495408,381.986,1.945438723,1.168141593,0.6074336283,0.01181724902,0.1181724902,11.81724902,,138.18,0,,
SU.3.30,Seagrass,Myora,Nearby,125,15.18,44.32,29.14,43.94,28.76,0.38,10,196.3495408,394.786,2.010628588,1.304049417,0.6781056966,0.01363418699,0.1363418699,13.63418699,41.96974818,138.18,0,,
SU.3.40,Seagrass,Myora,Nearby,81,16.12,43.08,26.96,42.72,26.6,0.36,10,196.3495408,380.726,1.939021596,1.335311573,0.6943620178,0.01346382948,0.1346382948,13.46382948,,138.18,0,,
SU.3.50,Seagrass,Myora,Nearby,2,14.65,39.02,24.37,38.76,24.11,0.26,10,196.3495408,387.656,1.974315796,1.066885515,0.5547804678,0.01095311841,0.1095311841,10.95311841,,138.18,0,,
SU.3.54,Seagrass,Myora,Nearby,6,15.44,34.84,19.4,34.64,19.2,0.2,4,78.53981634,245.436,3.124988209,1.030927835,0.5360824742,0.01675251411,0.06701005644,6.701005644,,138.18,0,,
MU.1.2,Mangrove,Myora,Nearby,38,16.07,41.77,25.7,40.93,24.86,0.84,2,39.26990817,79.496,2.024349017,3.26848249,1.699610895,0.03440605644,0.06881211289,6.881211289,,0,128.61,,
MU.1.4,Mangrove,Myora,Nearby,108,15.63,41.61,25.98,40.63,25,0.98,2,39.26990817,83.256,2.120096631,3.77213241,1.961508853,0.0415858831,0.08317176621,8.317176621,,0,128.61,,
MU.1.6,Mangrove,Myora,Nearby,105,14.82,39.77,24.95,38.81,23.99,0.96,2,39.26990817,67.746,1.725137724,3.847695391,2.000801603,0.03451658324,0.06903316648,6.903316648,,0,128.61,,
MU.1.8,Mangrove,Myora,Nearby,M12,14.03,35.48,21.45,34.49,20.46,0.99,2,39.26990817,62.116,1.581770951,4.615384615,2.4,0.03796250283,0.07592500566,7.592500566,,0,128.61,,
MU.1.10,Mangrove,Myora,Nearby,50,14.69,41.63,26.94,40.66,25.97,0.97,2,39.26990817,70.226,1.788290405,3.600593912,1.872308834,0.03348231925,0.06696463849,6.696463849,,0,128.61,,
MU.1.20,Mangrove,Myora,Nearby,69,15.84,39.22,23.38,37.91,22.07,1.31,10,196.3495408,286.986,1.461607696,5.603079555,2.913601369,0.04258542183,0.4258542183,42.58542183,,0,128.61,,
MU.1.30,Mangrove,Myora,Nearby,13,15.14,47.7,32.56,47.26,32.12,0.44,10,196.3495408,344.986,1.75699927,1.351351351,0.7027027027,0.01234648136,0.1234648136,12.34648136,91.32257216,0,128.61,,
MU.1.44.5,Mangrove,Myora,Nearby,20,15.06,46.77,31.71,46.43,31.37,0.34,14.5,284.7068342,591.866,2.078861231,1.072216966,0.5575528225,0.01159074947,0.1680658673,16.80658673,,0,128.61,,
MU.2.2,Mangrove,Myora,Nearby,R5,13.85,24.89,11.04,23.04,9.19,1.85,2,39.26990817,31.846,0.8109517308,16.75724638,8.713768116,0.07066445336,0.1413289067,14.13289067,,0,151.29,,
MU.2.4,Mangrove,Myora,Nearby,19,14.53,33.6,19.07,31.86,17.33,1.74,2,39.26990817,32.146,0.8185911681,9.124278972,4.744625066,0.03883908175,0.07767816349,7.767816349,,0,151.29,,
MU.2.6,Mangrove,Myora,Nearby,44,16.67,40.71,24.04,39.07,22.4,1.64,2,39.26990817,38.126,0.9708706177,6.821963394,3.547420965,0.03444086783,0.06888173567,6.888173567,,0,151.29,,
MU.2.8,Mangrove,Myora,Nearby,20,15.06,43.08,28.02,41.62,26.56,1.46,2,39.26990817,48.036,1.223226695,5.210563883,2.709493219,0.03314324437,0.06628648873,6.628648873,,0,151.29,,
MU.2.10,Mangrove,Myora,Nearby,12,16.08,37.15,21.07,35.97,19.89,1.18,2,39.26990817,52.916,1.347494875,5.600379687,2.912197437,0.03924171121,0.07848342243,7.848342243,,0,151.29,,
MU.2.20,Mangrove,Myora,Nearby,40,14.83,45.66,30.83,44.21,29.38,1.45,10,196.3495408,271.836,1.38444938,4.703211158,2.445669802,0.0338590604,0.338590604,33.8590604,,0,151.29,,
MU.2.30,Mangrove,Myora,Nearby,30,14.95,47.06,32.11,46.08,31.13,0.98,10,196.3495408,343.336,1.748595889,3.05200872,1.587044534,0.02775099549,0.2775099549,27.75099549,104.8759276,0,151.29,,
MU.2.40,Mangrove,Myora,Nearby,18,13.96,44.26,30.3,43.79,29.83,0.47,10,196.3495408,393.026,2.001664981,1.551155116,0.8066006601,0.01614544295,0.1614544295,16.14544295,,0,151.29,,
MU.2.45,Mangrove,Myora,Nearby,22,13.28,40.59,27.31,40.14,26.86,0.45,5,98.17477042,215.686,2.196959556,1.647748078,0.8568290004,0.0188241866,0.09412093299,9.412093299,,0,151.29,,
MU.3.2,Mangrove,Myora,Nearby,26,14.62,38.43,23.81,37.42,22.8,1.01,2,39.26990817,62.066,1.580497712,4.241915162,2.205795884,0.03486255347,0.06972510694,6.972510694,,0,130.32,,
MU.3.4,Mangrove,Myora,Nearby,90,14.52,40.37,25.85,39.1,24.58,1.27,2,39.26990817,67.096,1.70858561,4.912959381,2.554738878,0.04364990084,0.08729980168,8.729980168,,0,130.32,,
MU.3.6,Mangrove,Myora,Nearby,13,14.86,30.68,15.82,30.07,15.21,0.61,2,39.26990817,58.266,1.483731506,3.855878635,2.00505689,0.0297496608,0.05949932159,5.949932159,,0,130.32,,
MU.3.8,Mangrove,Myora,Nearby,46,16.15,35.44,19.29,34.54,18.39,0.9,2,39.26990817,52.546,1.338072902,4.66562986,2.426127527,0.03246335502,0.06492671004,6.492671004,,0,130.32,,
MU.3.10,Mangrove,Myora,Nearby,16,15.53,41.92,26.39,40.54,25.01,1.38,2,39.26990817,73.776,1.878690413,5.229253505,2.719211823,0.05108557182,0.1021711436,10.21711436,,0,130.32,,
MU.3.20,Mangrove,Myora,Nearby,50,15.37,46.41,31.04,44.85,29.48,1.56,10,196.3495408,270.406,1.377166449,5.025773196,2.613402062,0.03599089638,0.3599089638,35.99089638,,0,130.32,,
MU.3.30,Mangrove,Myora,Nearby,8,15.48,38.65,23.17,37.8,22.32,0.85,10,196.3495408,313.366,1.595959933,3.668536901,1.907639189,0.03044515711,0.3044515711,30.44515711,104.7982619,0,130.32,,
MU.3.40,Mangrove,Myora,Nearby,26,14.61,34.44,19.83,34.14,19.53,0.3,10,196.3495408,374.166,1.90561179,1.512859304,0.7866868381,0.01499119714,0.1499119714,14.99119714,,0,130.32,,
Z.1.2,Seagrass,One Mile,Overlapping,58,12.05,47.26,35.21,47.04,34.99,0.22,2,39.26990817,62.566,1.593230107,0.6248224936,0.3249076967,0.005176527244,0.01035305449,1.035305449,,16.25,370,,
Z.1.4,Seagrass,One Mile,Overlapping,11,16.47,50.35,33.88,50.12,33.65,0.23,2,39.26990817,86.636,2.206167624,0.678866588,0.3530106257,0.007788006134,0.01557601227,1.557601227,,16.25,370,,
Z.1.6,Seagrass,One Mile,Overlapping,13,13.64,43.18,29.54,42.98,29.34,0.2,2,39.26990817,97.206,2.475330464,0.6770480704,0.3520649966,0.008714772113,0.01742954423,1.742954423,,16.25,370,,
Z.1.8,Seagrass,One Mile,Overlapping,35,15.65,45.77,30.12,45.6,29.95,0.17,2,39.26990817,54.356,1.384164174,0.5644090305,0.2934926959,0.004062420749,0.008124841499,0.8124841499,,16.25,370,,
Z.1.10,Seagrass,One Mile,Overlapping,33,15.03,46.45,31.42,46.25,31.22,0.2,2,39.26990817,82.756,2.107364235,0.6365372374,0.3309993635,0.006975362205,0.01395072441,1.395072441,,16.25,370,,
Z.1.20,Seagrass,One Mile,Overlapping,48,16.17,46.35,30.18,46.03,29.86,0.32,10,196.3495408,407.846,2.077142621,1.060304838,0.5513585156,0.01145250272,0.1145250272,11.45250272,,16.25,370,,
Z.1.30,Seagrass,One Mile,Overlapping,54,15.29,50.91,35.62,50.54,35.25,0.37,10,196.3495408,409.471,2.085418678,1.03874228,0.5401459854,0.01126430527,0.1126430527,11.26430527,29.26022568,16.25,370,,
Z.2.2,Seagrass,One Mile,Overlapping,29,16.55,44.61,28.06,44.16,27.61,0.45,2,39.26990817,67.536,1.719790118,1.603706344,0.8339272986,0.01434179927,0.02868359854,2.868359854,,13.29,372.75,,
Z.2.4,Seagrass,One Mile,Overlapping,31,16.3,46.19,29.89,45.8,29.5,0.39,2,39.26990817,85.966,2.189106214,1.304784209,0.6784877886,0.01485281834,0.02970563668,2.970563668,,13.29,372.75,,
Z.2.6,Seagrass,One Mile,Overlapping,60,14.98,47.51,32.53,46.93,31.95,0.58,2,39.26990817,71.576,1.822667873,1.782969567,0.9271441746,0.01689875901,0.03379751802,3.379751802,,13.29,372.75,,
Z.2.8,Seagrass,One Mile,Overlapping,3,13.34,42.01,28.67,41.36,28.02,0.65,2,39.26990817,70.236,1.788545053,2.267178235,1.178932682,0.02108574217,0.04217148434,4.217148434,,13.29,372.75,,
Z.2.10,Seagrass,One Mile,Overlapping,136,15.47,41.66,26.19,41.07,25.6,0.59,2,39.26990817,93.536,2.381874681,2.252768232,1.171439481,0.0279022204,0.05580444079,5.580444079,,13.29,372.75,,
Z.2.20,Seagrass,One Mile,Overlapping,A9,15.64,44.58,28.94,44.16,28.52,0.42,10,196.3495408,329.706,1.679178869,1.451278507,0.7546648238,0.01267217226,0.1267217226,12.67217226,,13.29,372.75,,
Z.2.30,Seagrass,One Mile,Overlapping,16,16.34,49.51,33.17,49.03,32.69,0.48,10,196.3495408,386.246,1.967134725,1.447090745,0.7524871872,0.01480243676,0.1480243676,14.80243676,46.49087685,13.29,372.75,,
Z.2.37,Seagrass,One Mile,Overlapping,1,16.34,49.78,33.44,49.36,33.02,0.42,7,137.4446786,249.786,1.817356645,1.255980861,0.6531100478,0.01186933886,0.08308537199,8.308537199,,13.29,372.75,,
Z.3.2,Seagrass,One Mile,Overlapping,A2,13.56,39.54,25.98,39.32,25.76,0.22,2,39.26990817,90.526,2.305225661,0.8468052348,0.4403387221,0.01015080121,0.02030160243,2.030160243,,9.44,378.12,,
Z.3.4,Seagrass,One Mile,Overlapping,34,12.47,43.31,30.84,43.06,30.59,0.25,2,39.26990817,86.026,2.190634102,0.8106355383,0.4215304799,0.009234190441,0.01846838088,1.846838088,,9.44,378.12,,
Z.3.6,Seagrass,One Mile,Overlapping,18,16.17,48.89,32.72,48.61,32.44,0.28,2,39.26990817,73.966,1.883528723,0.8557457213,0.4449877751,0.008381472559,0.01676294512,1.676294512,,9.44,378.12,,
Z.3.8,Seagrass,One Mile,Overlapping,12,15.71,50.37,34.66,50.08,34.37,0.29,2,39.26990817,84.076,2.140977759,0.8366993653,0.4350836699,0.009315044608,0.01863008922,1.863008922,,9.44,378.12,,
Z.3.10,Seagrass,One Mile,Overlapping,15,16.03,42.89,26.86,42.59,26.56,0.3,2,39.26990817,73.046,1.860101116,1.116902457,0.5807892777,0.01080326784,0.02160653567,2.160653567,,9.44,378.12,,
Z.3.20,Seagrass,One Mile,Overlapping,29,16.54,35.63,19.09,34.99,18.45,0.64,10,196.3495408,350.706,1.786130991,3.352540597,1.743321111,0.03113799863,0.3113799863,31.13799863,,9.44,378.12,,
Z.3.30,Seagrass,One Mile,Overlapping,C3,15.67,40.44,24.77,40.11,24.44,0.33,10,196.3495408,258.256,1.315287007,1.332256762,0.6927735164,0.009111960052,0.09111960052,9.111960052,,9.44,378.12,,
Z.3.37,Seagrass,One Mile,Overlapping,38,16.06,52.25,36.19,51.9,35.84,0.35,7,137.4446786,258.256,1.878981439,0.9671179884,0.502901354,0.009449423099,0.06614596169,6.614596169,,9.44,378.12,,
UB.1.2,Unveg,Myora,Nearby,11,17.57,42.01,24.44,41.86,24.29,0.15,2,39.26990817,90.496,2.304461717,0.6137479542,0.3191489362,0.007354665054,0.01470933011,1.470933011,,77.67,46.99,,
UB.1.4,Unveg,Myora,Nearby,C25,13.25,46.97,33.72,46.8,33.55,0.17,2,39.26990817,97.526,2.483479197,0.5041518387,0.2621589561,0.006510663138,0.01302132628,1.302132628,,77.67,46.99,,
UB.1.6,Unveg,Myora,Nearby,DC7,15,43.59,28.59,43.46,28.46,0.13,2,39.26990817,64.636,1.645942224,0.4547044421,0.2364463099,0.003891769652,0.007783539305,0.7783539305,,77.67,46.99,,
UB.1.8,Unveg,Myora,Nearby,R2,14.9,46.38,31.48,46.2,31.3,0.18,2,39.26990817,102.596,2.612585687,0.5717916137,0.2973316391,0.007768043846,0.01553608769,1.553608769,,77.67,46.99,,
UB.1.10,Unveg,Myora,Nearby,15,13.65,45.83,32.18,45.62,31.97,0.21,2,39.26990817,78.766,2.00575972,0.6525792418,0.3393412057,0.006806369216,0.01361273843,1.361273843,,77.67,46.99,,
UB.1.20,Unveg,Myora,Nearby,C3,15.68,44.48,28.8,44.25,28.57,0.23,10,196.3495408,401.426,2.04444583,0.7986111111,0.4152777778,0.00849012921,0.0849012921,8.49012921,,77.67,46.99,,
UB.1.30,Unveg,Myora,Nearby,K1,15.81,46.39,30.58,46.24,30.43,0.15,10,196.3495408,405.136,2.063340705,0.4905166776,0.2550686723,0.005262935741,0.05262935741,5.262935741,20.21936713,77.67,46.99,,
UB.1.40,Unveg,Myora,Nearby,4,14.47,42.9,28.43,42.71,28.24,0.19,10,196.3495408,395.386,2.013684363,0.6683081252,0.3475202251,0.00699796043,0.0699796043,6.99796043,,77.67,46.99,,
UB.1.46,Unveg,Myora,Nearby,28,15.47,46.61,31.14,46.43,30.96,0.18,6,117.8097245,297.416,2.524545416,0.5780346821,0.3005780347,0.007588228997,0.04552937398,4.552937398,,77.67,46.99,,
UB.2.2,Unveg,Myora,Nearby,27,14.95,45.26,30.31,45.1,30.15,0.16,2,39.26990817,76.586,1.950246475,0.5278785879,0.2744968657,0.005353365449,0.0107067309,1.07067309,,82.57,37.75,,
UB.2.4,Unveg,Myora,Nearby,50,17.26,51.37,34.11,51.19,33.93,0.18,2,39.26990817,93.47,2.380194005,0.5277044855,0.2744063325,0.006531403074,0.01306280615,1.306280615,,82.57,37.75,,
UB.2.6,Unveg,Myora,Nearby,APO,14.45,42.22,27.77,42.03,27.58,0.19,2,39.26990817,78.066,1.987934366,0.6841915736,0.3557796183,0.007072665299,0.0141453306,1.41453306,,82.57,37.75,,
UB.2.8,Unveg,Myora,Nearby,5,16.96,43.59,26.63,43.4,26.44,0.19,2,39.26990817,83.866,2.135630153,0.7134810364,0.3710101389,0.007923404399,0.0158468088,1.58468088,,82.57,37.75,,
UB.2.10,Unveg,Myora,Nearby,19,14.06,42.08,28.02,41.87,27.81,0.21,2,39.26990817,70.486,1.794911251,0.7494646681,0.3897216274,0.006995157338,0.01399031468,1.399031468,,82.57,37.75,,
UB.2.20,Unveg,Myora,Nearby,3,16.61,45.3,28.69,45.03,28.42,0.27,10,196.3495408,376.406,1.917020016,0.941094458,0.4893691182,0.009381303949,0.09381303949,9.381303949,,82.57,37.75,,
UB.2.30,Unveg,Myora,Nearby,10,16.95,46.88,29.93,46.61,29.66,0.27,10,196.3495408,405.006,2.06267862,0.9021049115,0.469094554,0.009675913073,0.09675913073,9.675913073,25.83241613,82.57,37.75,,
UB.2.42,Unveg,Myora,Nearby,50,14.69,39.93,25.24,39.77,25.08,0.16,12,235.619449,515.826,2.189233538,0.6339144216,0.3296354992,0.007216490902,0.08659789082,8.659789082,,82.57,37.75,,
UB.3.2,Unveg,Myora,Nearby,3,16.74,44.34,27.6,44.23,27.49,0.11,2,39.26990817,83.056,2.115003673,0.3985507246,0.2072463768,0.004383268481,0.008766536962,0.8766536962,,81.79,32.58,,
UB.3.4,Unveg,Myora,Nearby,15,16.43,44.51,28.08,44.39,27.96,0.12,2,39.26990817,89.566,2.280779461,0.4273504274,0.2222222222,0.005068398803,0.01013679761,1.013679761,,81.79,32.58,,
UB.3.6,Unveg,Myora,Nearby,88,15.6,45.03,29.43,44.89,29.29,0.14,2,39.26990817,85.406,2.174845931,0.4757050629,0.2473666327,0.005379843146,0.01075968629,1.075968629,,81.79,32.58,,
UB.3.8,Unveg,Myora,Nearby,61,16.37,47.13,30.76,46.94,30.57,0.19,2,39.26990817,74.746,1.90339126,0.6176853056,0.3211963589,0.006113623424,0.01222724685,1.222724685,,81.79,32.58,,
UB.3.10,Unveg,Myora,Nearby,6,17.19,44.78,27.59,44.63,27.44,0.15,2,39.26990817,79.146,2.01543634,0.5436752447,0.2827111272,0.005697862796,0.01139572559,1.139572559,,81.79,32.58,,
UB.3.20,Unveg,Myora,Nearby,17,16.97,40.38,23.41,40.22,23.25,0.16,10,196.3495408,372.126,1.895222155,0.6834686032,0.3554036736,0.006735689164,0.06735689164,6.735689164,,81.79,32.58,,
UB.3.30,Unveg,Myora,Nearby,34,16.58,49.75,33.17,49.44,32.86,0.31,10,196.3495408,384.126,1.956337653,0.9345794393,0.4859813084,0.009507435325,0.09507435325,9.507435325,21.57172382,81.79,32.58,,
UB.3.43,Unveg,Myora,Nearby,12,15.01,50.78,35.77,50.47,35.46,0.31,13,255.2544031,498.966,1.954779208,0.8666480291,0.4506569751,0.00880934885,0.1145215351,11.45215351,,81.79,32.58,,